LinkID,DemoPaper,Article,Title,Author,Name,Venue,VenueName,Journal,Volume,Handler,StartDate
www.AIAA Journal.com/ArticleID002,DemoArticleID002,ArticleID002,A usability study of four secure email tools using paired participants,AuthorID002,Nysetvold T.B.,VJID001,AIAA Journal,JID001,AIAA Journal Vol 2,HandlerID001,01/02/1990
www.AIAA Journal.com/ArticleID003,DemoArticleID003,ArticleID003,Biocompatible PEGDA Resin for 3D Printing,AuthorID003,Afran M.S.,VJID001,AIAA Journal,JID001,AIAA Journal Vol 3,HandlerID001,01/02/1990
www.AIAA Journal.com/ArticleID004,DemoArticleID004,ArticleID004,High-Throughput Exploration of Lithium-Alloy Protection Layers for High-Performance Lithium-Metal Batteries,AuthorID004,Vaughn A.B.,VJID001,AIAA Journal,JID001,AIAA Journal Vol 4,HandlerID002,12/03/2006
www.AIAA Journal.com/ArticleID005,DemoArticleID005,ArticleID005,Fabrication of High Aspect Ratio Millimeter-Tall Free-Standing Carbon Nanotube-Based Microelectrode Arrays,AuthorID005,Rice M.,VJID001,AIAA Journal,JID001,AIAA Journal Vol 5,HandlerID002,12/03/2006
www.AIAA Journal.com/ArticleID011,DemoArticleID011,ArticleID011,Effect of nozzleâ€“plate distance on acoustic phenomena from supersonic impinging jet,AuthorID011,McDonnell T.,VJID001,AIAA Journal,JID001,AIAA Journal Vol 1,HandlerID001,01/02/1990
www.AIAA Journal.com/ArticleID015,DemoArticleID015,ArticleID015,Nano-Composite Foam Sensor System in Football Helmets,AuthorID015,Zhang W.,VJID001,AIAA Journal,JID001,AIAA Journal Vol 5,HandlerID002,12/03/2006
www.AIAA Journal.com/ArticleID019,DemoArticleID019,ArticleID019,Oxidation efficiency of glucose using viologen mediators for glucose fuel cell applications with non-precious anodes,AuthorID019,Pehrson N.A.,VJID001,AIAA Journal,JID001,AIAA Journal Vol 4,HandlerID002,12/03/2006
www.AIAA Journal.com/ArticleID020,DemoArticleID020,ArticleID020,Non-catalytic ash effect on char reactivity,AuthorID020,Lee J.H.,VJID001,AIAA Journal,JID001,AIAA Journal Vol 5,HandlerID002,12/03/2006
www.AIAA Journal.com/ArticleID022,DemoArticleID022,ArticleID022,Lead sulfide quantum dots inside ferritin: synthesis and application to photovoltaics,AuthorID022,Seng F.,VJID001,AIAA Journal,JID001,AIAA Journal Vol 2,HandlerID001,01/02/1990
www.AIAA Journal.com/ArticleID023,DemoArticleID023,ArticleID023,Structure descriptor based on just noticeable difference for texture image classification,AuthorID023,Jain P.,VJID001,AIAA Journal,JID001,AIAA Journal Vol 3,HandlerID001,01/02/1990
www.AIAA Journal.com/ArticleID026,DemoArticleID026,ArticleID026,Light splitting with imperfect wave plates,AuthorID026,Goode T.,VJID001,AIAA Journal,JID001,AIAA Journal Vol 1,HandlerID001,01/02/1990
www.AIAA Journal.com/ArticleID033,DemoArticleID033,ArticleID033,A New Boundary Harnack Principle (Equations with Right Hand Side),AuthorID033,Baker N.F.,VJID001,AIAA Journal,JID001,AIAA Journal Vol 3,HandlerID001,01/02/1990
www.AIAA Journal.com/ArticleID034,DemoArticleID034,ArticleID034,Target control and source estimation metrics for dynamical networks,AuthorID034,Unrau M.A.,VJID001,AIAA Journal,JID001,AIAA Journal Vol 4,HandlerID002,12/03/2006
www.AIAA Journal.com/ArticleID036,DemoArticleID036,ArticleID036,Polyethylene Glycol Based Changes to Î²-Sheet Protein Conformational and Proteolytic Stability Depend on Conjugation Strategy and Location,AuthorID036,Manning A.,VJID001,AIAA Journal,JID001,AIAA Journal Vol 1,HandlerID001,01/02/1990
www.AIAA Journal.com/ArticleID038,DemoArticleID038,ArticleID038,3D printed selectable dilution mixer pumps,AuthorID038,Smiley A.J.,VJID001,AIAA Journal,JID001,AIAA Journal Vol 3,HandlerID001,01/02/1990
www.AIAA Journal.com/ArticleID042,DemoArticleID042,ArticleID042,Simulation-based coefficients for adjusting climate impact on energy consumption of commercial buildings,AuthorID042,Villalon-Reina J.E.,VJID001,AIAA Journal,JID001,AIAA Journal Vol 2,HandlerID001,01/02/1990
www.AIAA Journal.com/ArticleID048,DemoArticleID048,ArticleID048,The AFLOW Library of Crystallographic Prototypes: Part 1,AuthorID048,Redd B.,VJID001,AIAA Journal,JID001,AIAA Journal Vol 3,HandlerID001,01/02/1990
www.AIAA Journal.com/ArticleID049,DemoArticleID049,ArticleID049,Reduced-order modeling through machine learning and graph-theoretic approaches for brittle fracture applications,AuthorID049,Sayre A.,VJID001,AIAA Journal,JID001,AIAA Journal Vol 4,HandlerID002,12/03/2006
www.AIAA Journal.com/ArticleID053,DemoArticleID053,ArticleID053,Efficiency of Generalized Regular k-point grids,AuthorID003,Afran M.S.,VJID001,AIAA Journal,JID001,AIAA Journal Vol 3,HandlerID001,01/02/1990
www.AIAA Journal.com/ArticleID054,DemoArticleID054,ArticleID054,Atomistic survey of grain boundary-dislocation interactions in FCC nickel,AuthorID004,Vaughn A.B.,VJID001,AIAA Journal,JID001,AIAA Journal Vol 4,HandlerID002,12/03/2006
www.AIAA Journal.com/ArticleID058,DemoArticleID058,ArticleID058,Isogeometric BÃ©zier dual mortaring: The enriched BÃ©zier dual basis with application to second- and fourth-order problems,AuthorID008,Neff C.,VJID001,AIAA Journal,JID001,AIAA Journal Vol 3,HandlerID001,01/02/1990
www.AIAA Journal.com/ArticleID060,DemoArticleID060,ArticleID060,Highly accurate acoustic scattering: Isogeometric Analysis coupled with local high order Farfield Expansion ABC,AuthorID010,Dryer Z.,VJID001,AIAA Journal,JID001,AIAA Journal Vol 5,HandlerID002,12/03/2006
www.AIAA Journal.com/ArticleID062,DemoArticleID062,ArticleID062,BÃ©zier BÌ„ projection,AuthorID012,Libano F.,VJID001,AIAA Journal,JID001,AIAA Journal Vol 2,HandlerID001,01/02/1990
www.IEEE Robotics and Automation Letters.com/ArticleID065,DemoArticleID065,ArticleID065,"Pseudo-singleton pattern and agnostic business layer for multi-engineer, synchronous, heterogeneous CAD",AuthorID015,Zhang W.,VJID002,IEEE Robotics and Automation Letters,JID002,IEEE RAL Vol 1,HandlerID003,09/06/1997
www.IEEE Robotics and Automation Letters.com/ArticleID066,DemoArticleID066,ArticleID066,Methods for determining the optimal number of simultaneous contributors for multi-user CAD parts,AuthorID016,Sargent B.,VJID002,IEEE Robotics and Automation Letters,JID002,IEEE RAL Vol 2,HandlerID003,09/06/1997
www.IEEE Robotics and Automation Letters.com/ArticleID067,DemoArticleID067,ArticleID067,Hybrid state transactional database for product lifecycle management features in a multi-engineer synchronous heterogeneous CAD environment,AuthorID017,Bahari M.,VJID002,IEEE Robotics and Automation Letters,JID002,IEEE RAL Vol 3,HandlerID003,09/06/1997
www.IEEE Robotics and Automation Letters.com/ArticleID068,DemoArticleID068,ArticleID068,Exploration and evaluation of CAD modeling in virtual reality,AuthorID018,Rogers W.,VJID002,IEEE Robotics and Automation Letters,JID002,IEEE RAL Vol 4,HandlerID003,09/06/1997
www.IEEE Robotics and Automation Letters.com/ArticleID070,DemoArticleID070,ArticleID070,Analysis and evaluation of partitioning techniques for multi-user CAD,AuthorID020,Lee J.H.,VJID002,IEEE Robotics and Automation Letters,JID002,IEEE RAL Vol 1,HandlerID003,09/06/1997
www.IEEE Robotics and Automation Letters.com/ArticleID073,DemoArticleID073,ArticleID073,A CAD assembly simplification approach with ray casting,AuthorID023,Jain P.,VJID002,IEEE Robotics and Automation Letters,JID002,IEEE RAL Vol 4,HandlerID003,09/06/1997
www.IEEE Robotics and Automation Letters.com/ArticleID078,DemoArticleID078,ArticleID078,Using a Product's Sustainability Space as a Design Exploration Tool,AuthorID028,Farnsworth C.B.,VJID002,IEEE Robotics and Automation Letters,JID002,IEEE RAL Vol 4,HandlerID003,09/06/1997
www.IEEE Robotics and Automation Letters.com/ArticleID079,DemoArticleID079,ArticleID079,The design critique and the moral goods of studio pedagogy,AuthorID029,Wu R.,VJID002,IEEE Robotics and Automation Letters,JID002,IEEE RAL Vol 5,HandlerID003,09/06/1997
www.IEEE Robotics and Automation Letters.com/ArticleID083,DemoArticleID083,ArticleID083,Interleaving physics- and data-driven models for power system transient dynamics,AuthorID033,Baker N.F.,VJID002,IEEE Robotics and Automation Letters,JID002,IEEE RAL Vol 4,HandlerID003,09/06/1997
www.IEEE Robotics and Automation Letters.com/ArticleID085,DemoArticleID085,ArticleID085,Smart camera for quality inspection and grading of food products,AuthorID035,Frazer D.,VJID002,IEEE Robotics and Automation Letters,JID002,IEEE RAL Vol 1,HandlerID003,09/06/1997
www.IEEE Robotics and Automation Letters.com/ArticleID088,DemoArticleID088,ArticleID088,Hardware friendly robust synthetic basis feature descriptor,AuthorID038,Smiley A.J.,VJID002,IEEE Robotics and Automation Letters,JID002,IEEE RAL Vol 4,HandlerID003,09/06/1997
www.IEEE Robotics and Automation Letters.com/ArticleID089,DemoArticleID089,ArticleID089,Ground-based 3D radar imaging of trees using a 2D synthetic aperture,AuthorID039,Ni Q.,VJID002,IEEE Robotics and Automation Letters,JID002,IEEE RAL Vol 5,HandlerID003,09/06/1997
www.IEEE Robotics and Automation Letters.com/ArticleID091,DemoArticleID091,ArticleID091,Optimising the design of phased array feeds for survey speed,AuthorID041,Loiseau J.,VJID002,IEEE Robotics and Automation Letters,JID002,IEEE RAL Vol 2,HandlerID003,09/06/1997
www.IEEE Robotics and Automation Letters.com/ArticleID094,DemoArticleID094,ArticleID094,Flexural strength and stiffness of block-out connections for steel columns,AuthorID044,Fujimoto M.S.,VJID002,IEEE Robotics and Automation Letters,JID002,IEEE RAL Vol 5,HandlerID003,09/06/1997
www.IEEE Robotics and Automation Letters.com/ArticleID095,DemoArticleID095,ArticleID095,Analytical fragility curves for non-skewed highway bridges in Chile,AuthorID045,Safdari M.-S.,VJID002,IEEE Robotics and Automation Letters,JID002,IEEE RAL Vol 1,HandlerID003,09/06/1997
www.IEEE Robotics and Automation Letters.com/ArticleID099,DemoArticleID099,ArticleID099,Carlitzâ€“Wan conjecture for permutation polynomials and Weill bound for curves over finite fields,AuthorID049,Sayre A.,VJID002,IEEE Robotics and Automation Letters,JID002,IEEE RAL Vol 5,HandlerID003,09/06/1997
www.IEEE Robotics and Automation Letters.com/ArticleID101,DemoArticleID101,ArticleID101,Semi-empirical Model for Fire Spread in Shrubs with Spatially-Defined Fuel Elements and Flames,AuthorID001,Ozcelik D.,VJID002,IEEE Robotics and Automation Letters,JID002,IEEE RAL Vol 2,HandlerID003,09/06/1997
www.IEEE Robotics and Automation Letters.com/ArticleID108,DemoArticleID108,ArticleID108,Waves of destruction in the East Indies: The Wichmann catalogue of earthquakes and tsunami in the Indonesian region from 1538 to 1877,AuthorID008,Neff C.,VJID002,IEEE Robotics and Automation Letters,JID002,IEEE RAL Vol 4,HandlerID003,09/06/1997
www.IEEE Robotics and Automation Letters.com/ArticleID109,DemoArticleID109,ArticleID109,"Alluvial and fluvial fans on Saturn's moon Titan reveal processes, materials and regional geology",AuthorID009,Neilsen T.B.,VJID002,IEEE Robotics and Automation Letters,JID002,IEEE RAL Vol 5,HandlerID003,09/06/1997
www.IEEE Robotics and Automation Letters.com/ArticleID112,DemoArticleID112,ArticleID112,Spectrum allocations: The aeronautical telemetry story in the USA,AuthorID012,Libano F.,VJID002,IEEE Robotics and Automation Letters,JID002,IEEE RAL Vol 3,HandlerID003,09/06/1997
www.IEEE Robotics and Automation Letters.com/ArticleID113,DemoArticleID113,ArticleID113,Glue Technologies for Space Systems: An Introduction to a New AESS Technical Panel,AuthorID013,Liu F.C.,VJID002,IEEE Robotics and Automation Letters,JID002,IEEE RAL Vol 4,HandlerID003,09/06/1997
www.IEEE Robotics and Automation Letters.com/ArticleID114,DemoArticleID114,ArticleID114,"Teaching and Learning Electromagnetics in 2020: Issues, trends, opportunities, and ideas for developing courses",AuthorID014,Laycock R.G.,VJID002,IEEE Robotics and Automation Letters,JID002,IEEE RAL Vol 5,HandlerID003,09/06/1997
www.IEEE Robotics and Automation Letters.com/ArticleID119,DemoArticleID119,ArticleID119,Optimized ARROW-Based MMI Waveguides for High Fidelity Excitation Patterns for Optofluidic Multiplexing,AuthorID019,Pehrson N.A.,VJID002,IEEE Robotics and Automation Letters,JID002,IEEE RAL Vol 5,HandlerID003,09/06/1997
www.IEEE Robotics and Automation Letters.com/ArticleID121,DemoArticleID121,ArticleID121,Enhanced Detection of Single Viruses On-Chip via Hydrodynamic Focusing,AuthorID021,Pehrson N.A.,VJID002,IEEE Robotics and Automation Letters,JID002,IEEE RAL Vol 2,HandlerID003,09/06/1997
www.IEEE Robotics and Automation Letters.com/ArticleID129,DemoArticleID129,ArticleID129,Space-Time Coding for Aeronautical Telemetry: Part II - Decoder and System Performance,AuthorID029,Wu R.,VJID002,IEEE Robotics and Automation Letters,JID002,IEEE RAL Vol 5,HandlerID003,09/06/1997
www.International Journal of Technology and Design Education.com/ArticleID138,DemoArticleID138,ArticleID138,Secure Array Synthesis in Multipath Channels,AuthorID038,Smiley A.J.,VJID003,International Journal of Technology and Design Education,JID003,IJTDE Vol 3,HandlerID004,11/11/2000
www.International Journal of Technology and Design Education.com/ArticleID139,DemoArticleID139,ArticleID139,Practical Superdirectivity with Resonant Screened Apertures Motivated by a Poynting Streamlines Analysis,AuthorID039,Ni Q.,VJID003,International Journal of Technology and Design Education,JID003,IJTDE Vol 4,HandlerID004,11/11/2000
www.International Journal of Technology and Design Education.com/ArticleID154,DemoArticleID154,ArticleID154,A minimal realization technique for the dynamical structure function of a class of LTI systems,AuthorID004,Vaughn A.B.,VJID003,International Journal of Technology and Design Education,JID003,IJTDE Vol 4,HandlerID004,11/11/2000
www.International Journal of Technology and Design Education.com/ArticleID159,DemoArticleID159,ArticleID159,Generating a Binary Symmetric Channel for Wiretap Codes,AuthorID009,Neilsen T.B.,VJID003,International Journal of Technology and Design Education,JID003,IJTDE Vol 4,HandlerID004,11/11/2000
www.International Journal of Technology and Design Education.com/ArticleID166,DemoArticleID166,ArticleID166,Improving the Reliability of TMR with Nontriplicated I/O on SRAM FPGAs,AuthorID016,Sargent B.,VJID003,International Journal of Technology and Design Education,JID003,IJTDE Vol 1,HandlerID004,11/11/2000
www.International Journal of Technology and Design Education.com/ArticleID169,DemoArticleID169,ArticleID169,Applying Compiler-Automated Software Fault Tolerance to Multiple Processor Platforms,AuthorID019,Pehrson N.A.,VJID003,International Journal of Technology and Design Education,JID003,IJTDE Vol 4,HandlerID004,11/11/2000
www.International Journal of Technology and Design Education.com/ArticleID170,DemoArticleID170,ArticleID170,A Hybrid Approach to FPGA Configuration Scrubbing,AuthorID020,Lee J.H.,VJID003,International Journal of Technology and Design Education,JID003,IJTDE Vol 5,HandlerID004,11/11/2000
www.International Journal of Technology and Design Education.com/ArticleID175,DemoArticleID175,ArticleID175,Physical-Layer Security for Vehicle-to-Everything Networks: Increasing Security while Maintaining Reliable Communications,AuthorID025,Walton M.P.,VJID003,International Journal of Technology and Design Education,JID003,IJTDE Vol 5,HandlerID004,11/11/2000
www.International Journal of Technology and Design Education.com/ArticleID178,DemoArticleID178,ArticleID178,An iterative pose estimation algorithm based on epipolar geometry with application to multi-target tracking,AuthorID028,Farnsworth C.B.,VJID003,International Journal of Technology and Design Education,JID003,IJTDE Vol 3,HandlerID004,11/11/2000
www.International Journal of Technology and Design Education.com/ArticleID190,DemoArticleID190,ArticleID190,Probabilistic extension of flexible hybrid state estimation for cyber-physical systems,AuthorID040,Zou Z.,VJID003,International Journal of Technology and Design Education,JID003,IJTDE Vol 5,HandlerID004,11/11/2000
www.International Journal of Technology and Design Education.com/ArticleID191,DemoArticleID191,ArticleID191,Design of low-power ultra-high voltage gain differential cascode stages,AuthorID041,Loiseau J.,VJID003,International Journal of Technology and Design Education,JID003,IJTDE Vol 1,HandlerID004,11/11/2000
www.International Journal of Technology and Design Education.com/ArticleID196,DemoArticleID196,ArticleID196,Total hemispherical apparent radiative properties of the infinite V-groove with specular reflection,AuthorID046,Rice M.,VJID003,International Journal of Technology and Design Education,JID003,IJTDE Vol 1,HandlerID004,11/11/2000
www.International Journal of Technology and Design Education.com/ArticleID198,DemoArticleID198,ArticleID198,Thermally induced atomization during droplet impingement on superheated hydrophobic and superhydrophobic surfaces,AuthorID048,Redd B.,VJID003,International Journal of Technology and Design Education,JID003,IJTDE Vol 3,HandlerID004,11/11/2000
www.International Journal of Technology and Design Education.com/ArticleID203,DemoArticleID203,ArticleID203,Influence of micro-structured superhydrophobic surfaces on nucleation and natural convection in a heated pool,AuthorID003,Afran M.S.,VJID003,International Journal of Technology and Design Education,JID003,IJTDE Vol 3,HandlerID004,11/11/2000
www.International Journal of Technology and Design Education.com/ArticleID205,DemoArticleID205,ArticleID205,"Heat transfer, efficiency and turn-down ratio of a dynamic radiative heat exchanger",AuthorID005,Rice M.,VJID003,International Journal of Technology and Design Education,JID003,IJTDE Vol 5,HandlerID004,11/11/2000
www.International Journal of Technology and Design Education.com/ArticleID207,DemoArticleID207,ArticleID207,Full-scale 3D-modelling of the radiative heat transfer in rotary kilns with a present bed material,AuthorID007,Gunnarsson A.,VJID003,International Journal of Technology and Design Education,JID003,IJTDE Vol 2,HandlerID004,11/11/2000
www.International Journal of Technology and Design Education.com/ArticleID208,DemoArticleID208,ArticleID208,Bubble nucleation in superhydrophobic microchannels due to subcritical heating,AuthorID008,Neff C.,VJID003,International Journal of Technology and Design Education,JID003,IJTDE Vol 3,HandlerID004,11/11/2000
www.International Journal of Technology and Design Education.com/ArticleID211,DemoArticleID211,ArticleID211,Controlling martensite and pearlite formation with cooling rate and temperature control in rotary friction welding,AuthorID011,McDonnell T.,VJID003,International Journal of Technology and Design Education,JID003,IJTDE Vol 1,HandlerID004,11/11/2000
www.International Journal of Technology and Design Education.com/ArticleID216,DemoArticleID216,ArticleID216,Effect of tool geometry and process parameters on mechanical properties of friction stir spot welded dissimilar aluminum alloys,AuthorID016,Sargent B.,VJID003,International Journal of Technology and Design Education,JID003,IJTDE Vol 1,HandlerID004,11/11/2000
www.International Journal of Technology and Design Education.com/ArticleID217,DemoArticleID217,ArticleID217,Relative multiplicative extended Kalman filter for observable GPS-denied navigation,AuthorID017,Bahari M.,VJID003,International Journal of Technology and Design Education,JID003,IJTDE Vol 2,HandlerID004,11/11/2000
www.International Journal of Technology and Design Education.com/ArticleID372,DemoArticleID372,ArticleID372,DNA origami mediated electrically connected metalâ€”semiconductor junctions,AuthorID122,Wood A.E.,VJID003,International Journal of Technology and Design Education,JID003,IJTDE Vol 2,HandlerID004,11/11/2000
www.International Journal of Technology and Design Education.com/ArticleID374,DemoArticleID374,ArticleID374,Tuning Ferritin's band gap through mixed metal oxide nanoparticle formation,AuthorID124,Hu R.,VJID003,International Journal of Technology and Design Education,JID003,IJTDE Vol 4,HandlerID004,11/11/2000
www.International Journal of Technology and Design Education.com/ArticleID376,DemoArticleID376,ArticleID376,Permanganate-based synthesis of manganese oxide nanoparticles in ferritin,AuthorID126,Draper S.R.E.,VJID003,International Journal of Technology and Design Education,JID003,IJTDE Vol 1,HandlerID004,11/11/2000
www.International Journal of Technology and Design Education.com/ArticleID379,DemoArticleID379,ArticleID379,Vertical electrical impedance testing of a concrete bridge deck using a rolling probe,AuthorID129,Chee P.W.,VJID003,International Journal of Technology and Design Education,JID003,IJTDE Vol 4,HandlerID004,11/11/2000
www.International Journal of Technology and Design Education.com/ArticleID381,DemoArticleID381,ArticleID381,Electromagnetic excitation technique for nonlinear resonant ultrasound spectroscopy,AuthorID131,Khajah T.,VJID003,International Journal of Technology and Design Education,JID003,IJTDE Vol 1,HandlerID004,11/11/2000
www.International Journal of Technology and Design Education.com/ArticleID384,DemoArticleID384,ArticleID384,Modeling acoustic resonators using higher-order equivalent circuits,AuthorID134,Huang X.,VJID003,International Journal of Technology and Design Education,JID003,IJTDE Vol 4,HandlerID004,11/11/2000
www.International Journal of Technology and Design Education.com/ArticleID386,DemoArticleID386,ArticleID386,Noise reduction techniques in fiber optic sensors,AuthorID136,Stevenson P.D.,VJID003,International Journal of Technology and Design Education,JID003,IJTDE Vol 1,HandlerID004,11/11/2000
www.International Journal of Technology and Design Education.com/ArticleID388,DemoArticleID388,ArticleID388,Machine-learned multi-system surrogate models for materials prediction,AuthorID138,Dearden J.,VJID003,International Journal of Technology and Design Education,JID003,IJTDE Vol 3,HandlerID004,11/11/2000
www.International Journal of Technology and Design Education.com/ArticleID393,DemoArticleID393,ArticleID393,Volumetric displays,AuthorID143,Yellowhorse A.,VJID003,International Journal of Technology and Design Education,JID003,IJTDE Vol 3,HandlerID004,11/11/2000
www.JOM.com/ArticleID222,DemoArticleID222,ArticleID222,Microstructure Correlation with Formability for Biaxial Stretching of Magnesium Alloy AZ31B at Mildly Elevated Temperatures,AuthorID022,Seng F.,VJID004,JOM,JID004,JOM Vol 2,HandlerID005,07/12/1987
www.JOM.com/ArticleID229,DemoArticleID229,ArticleID229,Cooperative relative navigation of multiple aircraft in global positioning system-denied/degraded environments,AuthorID029,Wu R.,VJID004,JOM,JID004,JOM Vol 5,HandlerID006,04/23/2015
www.JOM.com/ArticleID230,DemoArticleID230,ArticleID230,Deconfliction in high-density unmanned aerial vehicle systems,AuthorID030,Dromey C.,VJID004,JOM,JID004,JOM Vol 2,HandlerID005,07/12/1987
www.JOM.com/ArticleID231,DemoArticleID231,ArticleID231,Takeoff and performance trade-offs of retrofit distributed electric propulsion for urban transport,AuthorID031,Cramer J.,VJID004,JOM,JID004,JOM Vol 3,HandlerID005,07/12/1987
www.JOM.com/ArticleID232,DemoArticleID232,ArticleID232,Normalized Coordinate Equations and an Energy Method for Predicting Natural Curved-Fold Configurations,AuthorID032,Allen J.D.,VJID004,JOM,JID004,JOM Vol 4,HandlerID005,07/12/1987
www.JOM.com/ArticleID233,DemoArticleID233,ArticleID233,Latanoprost uptake and release from commercial contact lenses,AuthorID033,Baker N.F.,VJID004,JOM,JID004,JOM Vol 5,HandlerID006,04/23/2015
www.JOM.com/ArticleID235,DemoArticleID235,ArticleID235,Simulated Tremor Propagation in the Upper Limb: From Muscle Activity to Joint Displacement,AuthorID035,Frazer D.,VJID004,JOM,JID004,JOM Vol 3,HandlerID005,07/12/1987
www.JOM.com/ArticleID241,DemoArticleID241,ArticleID241,Assessing the environmental impact and payback of carbon nanotube supported CO2 capture technologies using LCA methodology,AuthorID041,Loiseau J.,VJID004,JOM,JID004,JOM Vol 5,HandlerID006,04/23/2015
www.JOM.com/ArticleID245,DemoArticleID245,ArticleID245,Optical measurement of voids in situ during infusion of carbon reinforcements,AuthorID045,Safdari M.-S.,VJID004,JOM,JID004,JOM Vol 5,HandlerID006,04/23/2015
www.JOM.com/ArticleID247,DemoArticleID247,ArticleID247,A multi-user computer-aided design competition: Experimental findings and analysis of team-member dynamics,AuthorID047,Afran M.S.,VJID004,JOM,JID004,JOM Vol 3,HandlerID005,07/12/1987
www.JOM.com/ArticleID249,DemoArticleID249,ArticleID249,Measuring User Perceptions of Popular Transportation Project Delivery Methods Using Least Significant Difference Intervals and Multiple Range Tests,AuthorID049,Sayre A.,VJID004,JOM,JID004,JOM Vol 5,HandlerID006,04/23/2015
www.JOM.com/ArticleID250,DemoArticleID250,ArticleID250,Identifying Team Selection and Alignment Factors by Delivery Method for Transportation Projects,AuthorID050,Swindlehurst E.,VJID004,JOM,JID004,JOM Vol 2,HandlerID005,07/12/1987
www.JOM.com/ArticleID251,DemoArticleID251,ArticleID251,Column axial load effects on the performance of skewed SMF RBS connections,AuthorID001,Ozcelik D.,VJID004,JOM,JID004,JOM Vol 3,HandlerID005,07/12/1987
www.JOM.com/ArticleID252,DemoArticleID252,ArticleID252,Rapid Operational Access and Maneuver Support platform for military logistics and operation planning in water environments,AuthorID002,Nysetvold T.B.,VJID004,JOM,JID004,JOM Vol 4,HandlerID005,07/12/1987
www.JOM.com/ArticleID253,DemoArticleID253,ArticleID253,Simulation and Emulation of X-Ray Diffraction from Dynamic Compression Experiments,AuthorID003,Afran M.S.,VJID004,JOM,JID004,JOM Vol 5,HandlerID006,04/23/2015
www.JOM.com/ArticleID255,DemoArticleID255,ArticleID255,Regional Stiffness Reduction Using Lamina Emergent Torsional Joints for Flexible Printed Circuit Board Design,AuthorID005,Rice M.,VJID004,JOM,JID004,JOM Vol 3,HandlerID005,07/12/1987
www.JOM.com/ArticleID260,DemoArticleID260,ArticleID260,Exact relations between Rayleigh-BÃ©nard and rotating plane Couette flow in two dimensions,AuthorID010,Dryer Z.,VJID004,JOM,JID004,JOM Vol 4,HandlerID005,07/12/1987
www.JOM.com/ArticleID261,DemoArticleID261,ArticleID261,Increasing Inducer Stability and Suction Performance With a Stability Control Device,AuthorID011,McDonnell T.,VJID004,JOM,JID004,JOM Vol 5,HandlerID006,04/23/2015
www.JOM.com/ArticleID267,DemoArticleID267,ArticleID267,Estimated Time of Restoration (ETR) Guidance for Electric Distribution Networks,AuthorID017,Bahari M.,VJID004,JOM,JID004,JOM Vol 3,HandlerID005,07/12/1987
www.JOM.com/ArticleID269,DemoArticleID269,ArticleID269,Comprehensive and quality-controlled bedload transport database,AuthorID019,Pehrson N.A.,VJID004,JOM,JID004,JOM Vol 5,HandlerID006,04/23/2015
www.JOM.com/ArticleID270,DemoArticleID270,ArticleID270,Comparison of calibrated empirical and semi-empirical methods for bedload transport rate prediction in gravel bed streams,AuthorID020,Lee J.H.,VJID004,JOM,JID004,JOM Vol 2,HandlerID005,07/12/1987
www.JOM.com/ArticleID271,DemoArticleID271,ArticleID271,Infrastructure Project Scope Definition Using Project Definition Rating Index,AuthorID021,Pehrson N.A.,VJID004,JOM,JID004,JOM Vol 3,HandlerID005,07/12/1987
www.JOM.com/ArticleID275,DemoArticleID275,ArticleID275,A comparison of model predictive control and PID temperature control in friction stir welding,AuthorID025,Walton M.P.,VJID004,JOM,JID004,JOM Vol 3,HandlerID005,07/12/1987
www.JOM.com/ArticleID279,DemoArticleID279,ArticleID279,Solid state crack repair by friction stir processing in 304L stainless steel,AuthorID029,Wu R.,VJID004,JOM,JID004,JOM Vol 3,HandlerID005,07/12/1987
www.JOM.com/ArticleID281,DemoArticleID281,ArticleID281,"A review of friction stir welding of steels: Tool, material flow, microstructure, and properties",AuthorID031,Cramer J.,VJID004,JOM,JID004,JOM Vol 5,HandlerID006,04/23/2015
www.JOM.com/ArticleID283,DemoArticleID283,ArticleID283,Toward a Universal Social Impact Metric for Engineered Products That Alleviate Poverty,AuthorID033,Baker N.F.,VJID004,JOM,JID004,JOM Vol 3,HandlerID005,07/12/1987
www.JOM.com/ArticleID297,DemoArticleID297,ArticleID297,"Closed-Loop, Axial Temperature Control of Etched Silicon Microcolumn for Tunable Thermal Gradient Gas Chromatography",AuthorID047,Afran M.S.,VJID004,JOM,JID004,JOM Vol 5,HandlerID006,04/23/2015
www.JOM.com/ArticleID298,DemoArticleID298,ArticleID298,Using non-destructive testing to predict bending modulus of carbon infiltrated-carbon nanotubes,AuthorID048,Redd B.,VJID004,JOM,JID004,JOM Vol 2,HandlerID005,07/12/1987
www.JOM.com/ArticleID300,DemoArticleID300,ArticleID300,Nanofluidic peristaltic pumps made from silica thin films,AuthorID050,Swindlehurst E.,VJID004,JOM,JID004,JOM Vol 4,HandlerID005,07/12/1987
www.JOM.com/ArticleID301,DemoArticleID301,ArticleID301,Direct macro-to-micro interface method for microfluidics,AuthorID051,Martin R.A.,VJID004,JOM,JID004,JOM Vol 5,HandlerID006,04/23/2015
www.JOM.com/ArticleID304,DemoArticleID304,ArticleID304,Stability of Viscous St. Venant Roll Waves: From Onset to Infinite Froude Number Limit,AuthorID054,Noronha D.H.,VJID004,JOM,JID004,JOM Vol 4,HandlerID005,07/12/1987
www.JOM.com/ArticleID307,DemoArticleID307,ArticleID307,Continuous permeability measurement during unidirectional vacuum infusion processing,AuthorID057,Park J.,VJID004,JOM,JID004,JOM Vol 3,HandlerID005,07/12/1987
www.JOM.com/ArticleID308,DemoArticleID308,ArticleID308,Investigating Strategies for Pre-Class Content Learning in a Flipped Classroom,AuthorID058,Feeman S.M.,VJID004,JOM,JID004,JOM Vol 4,HandlerID005,07/12/1987
www.JOM.com/ArticleID313,DemoArticleID313,ArticleID313,"The need, development, and validation of the innovation test instrument",AuthorID063,Franke K.W.,VJID004,JOM,JID004,JOM Vol 5,HandlerID006,04/23/2015
www.JOM.com/ArticleID314,DemoArticleID314,ArticleID314,Status of elementary teacher development: Preparing elementary teachers to deliver technology and engineering experiences,AuthorID064,Stan N.,VJID004,JOM,JID004,JOM Vol 2,HandlerID005,07/12/1987
www.JOM.com/ArticleID315,DemoArticleID315,ArticleID315,Dynamics of a capsule flowing in a tube under pulsatile flow,AuthorID065,Janke D.,VJID004,JOM,JID004,JOM Vol 3,HandlerID005,07/12/1987
www.JOM.com/ArticleID316,DemoArticleID316,ArticleID316,Total hemispherical apparent radiative properties of the infinite V-Groove with diffuse reflection,AuthorID066,Safdarnejad S.M.,VJID004,JOM,JID004,JOM Vol 4,HandlerID005,07/12/1987
www.JOM.com/ArticleID321,DemoArticleID321,ArticleID321,Municipal wastewater treatment by semi-continuous and membrane algal-bacterial photo-bioreactors,AuthorID071,Coburn J.Q.,VJID004,JOM,JID004,JOM Vol 5,HandlerID006,04/23/2015
www.JOM.com/ArticleID324,DemoArticleID324,ArticleID324,Custom 3D printer and resin for 18 Î¼m Ã— 20 Î¼m microfluidic flow channels,AuthorID074,Barker B.,VJID004,JOM,JID004,JOM Vol 4,HandlerID005,07/12/1987
www.JOM.com/ArticleID329,DemoArticleID329,ArticleID329,The use of a binary chelate formulation: Could gadolinium based linear contrast agents be rescued by the addition of zinc selective chelates?,AuthorID079,Tolman K.A.,VJID004,JOM,JID004,JOM Vol 5,HandlerID006,04/23/2015
www.JOM.com/ArticleID331,DemoArticleID331,ArticleID331,Thermal characterization of natural and synthetic spider silks by both the 3Ï‰ and transient electrothermal methods,AuthorID081,Hovanski Y.,VJID004,JOM,JID004,JOM Vol 3,HandlerID005,07/12/1987
www.JOM.com/ArticleID333,DemoArticleID333,ArticleID333,In-situ grain structure and texture evolution during friction stir welding of austenite stainless steel,AuthorID083,DeFigueiredo B.P.,VJID004,JOM,JID004,JOM Vol 5,HandlerID006,04/23/2015
www.JOM.com/ArticleID335,DemoArticleID335,ArticleID335,Twining and dynamic recrystallization in austenitic Alloy 718 during friction welding,AuthorID085,Rice M.,VJID004,JOM,JID004,JOM Vol 3,HandlerID005,07/12/1987
www.JOM.com/ArticleID341,DemoArticleID341,ArticleID341,An investigation of geometrically necessary dislocations and back stress in large grained tantalum via EBSD and CPFEM,AuthorID091,Franke K.W.,VJID004,JOM,JID004,JOM Vol 5,HandlerID006,04/23/2015
www.JOM.com/ArticleID342,DemoArticleID342,ArticleID342,Mitigated FPGA design of multi-gigabit transceivers for application in high radiation environments of High Energy Physics experiments,AuthorID092,Shen W.,VJID004,JOM,JID004,JOM Vol 2,HandlerID005,07/12/1987
www.JOM.com/ArticleID343,DemoArticleID343,ArticleID343,"Disaster reconnaissance using multiple small unmanned aerial vehicles""",AuthorID093,Morgan W.S.,VJID004,JOM,JID004,JOM Vol 3,HandlerID005,07/12/1987
www.JOM.com/ArticleID346,DemoArticleID346,ArticleID346,A design approach to fully compliant multistable mechanisms employing a single bistable mechanism,AuthorID096,Chang D.K.,VJID004,JOM,JID004,JOM Vol 2,HandlerID005,07/12/1987
www.JOM.com/ArticleID349,DemoArticleID349,ArticleID349,On the modeling of a contact-aided cross-axis flexural pivot,AuthorID099,Rose M.A.,VJID004,JOM,JID004,JOM Vol 5,HandlerID006,04/23/2015
www.JOM.com/ArticleID356,DemoArticleID356,ArticleID356,Unpacking the Mathematics of Modeling Origami Folding Transformations withÂ Quaternions,AuthorID106,Stevens K.A.,VJID004,JOM,JID004,JOM Vol 4,HandlerID005,07/12/1987
www.JOM.com/ArticleID359,DemoArticleID359,ArticleID359,"High-Speed Friction Stir Welding of AA7075-T6 Sheet: Microstructure, Mechanical Properties, Micro-texture, and Thermal History",AuthorID109,McCall A.J.,VJID004,JOM,JID004,JOM Vol 3,HandlerID005,07/12/1987
www.JOM.com/ArticleID364,DemoArticleID364,ArticleID364,3D hydrodynamic focusing in microscale optofluidic channels formed with a single sacrificial layer,AuthorID114,Libano F.,VJID004,JOM,JID004,JOM Vol 4,HandlerID005,07/12/1987
www.JOM.com/ArticleID366,DemoArticleID366,ArticleID366,The effects of doping alumina with silica in alumina-supported NiO catalysts for oxidative dehydrogenation of ethane,AuthorID116,Wham B.P.,VJID004,JOM,JID004,JOM Vol 2,HandlerID005,07/12/1987
www.JOM.com/ArticleID368,DemoArticleID368,ArticleID368,Joining Dissimilar Material Using Friction Stir Scribe Technique,AuthorID118,Stone B.,VJID004,JOM,JID004,JOM Vol 4,HandlerID005,07/12/1987
www.OSA Continuum.com/ArticleID395,DemoArticleID395,ArticleID395,Dynamic optimization of a district energy system with storage using a novel mixed-integer quadratic programming algorithm,AuthorID145,Ling M.,VJID005,OSA Continuum,JID005,OSAC Vol 2,HandlerID007,05/09/1993
www.OSA Continuum.com/ArticleID397,DemoArticleID397,ArticleID397,Sagittal plane walking biomechanics in individuals with knee osteoarthritis after quadriceps strengthening,AuthorID147,Saric A.T.,VJID005,OSA Continuum,JID005,OSAC Vol 4,HandlerID007,05/09/1993
www.OSA Continuum.com/ArticleID401,DemoArticleID401,ArticleID401,Turbulence modulation in particle-laden stationary homogeneous isotropic turbulence using one-dimensional turbulence,AuthorID151,Sanders S.,VJID005,OSA Continuum,JID005,OSAC Vol 3,HandlerID007,05/09/1993
www.OSA Continuum.com/ArticleID409,DemoArticleID409,ArticleID409,Rigidly foldable quadrilateral meshes from angle arrays,AuthorID159,Bilancia P.,VJID005,OSA Continuum,JID005,OSAC Vol 2,HandlerID007,05/09/1993
www.OSA Continuum.com/ArticleID410,DemoArticleID410,ArticleID410,Over-Design Versus Redesign as a Response to Future Requirements,AuthorID160,Chanda A.,VJID005,OSA Continuum,JID005,OSAC Vol 3,HandlerID007,05/09/1993
www.OSA Continuum.com/ArticleID411,DemoArticleID411,ArticleID411,Origami-Based Design of Conceal-and-Reveal Systems,AuthorID161,Hinton D.,VJID005,OSA Continuum,JID005,OSAC Vol 4,HandlerID007,05/09/1993
www.OSA Continuum.com/ArticleID412,DemoArticleID412,ArticleID412,Measurement of radiative gas and particle emissions in biomass flames,AuthorID162,Lund J.,VJID005,OSA Continuum,JID005,OSAC Vol 5,HandlerID007,05/09/1993
www.OSA Continuum.com/ArticleID420,DemoArticleID420,ArticleID420,Quantifying accuracy of a concept laser metal additive machine through the NIST test artifact,AuthorID170,Stevenson P.D.,VJID005,OSA Continuum,JID005,OSAC Vol 1,HandlerID007,05/09/1993
www.OSA Continuum.com/ArticleID422,DemoArticleID422,ArticleID422,Design for excess capability to handle uncertain product requirements in a developing world setting,AuthorID172,Barker B.,VJID005,OSA Continuum,JID005,OSAC Vol 3,HandlerID007,05/09/1993
www.OSA Continuum.com/ArticleID423,DemoArticleID423,ArticleID423,The Future of R&D Leadership: Wider changes in the culture and the market will drive changes in the practice of R&D leadership.,AuthorID173,Ogbeibu S.,VJID005,OSA Continuum,JID005,OSAC Vol 4,HandlerID007,05/09/1993
www.OSA Continuum.com/ArticleID426,DemoArticleID426,ArticleID426,Nonparametric Tree-Based Predictive Modeling of Storm Outages on an Electric Distribution Network,AuthorID176,Leete K.M.,VJID005,OSA Continuum,JID005,OSAC Vol 3,HandlerID007,05/09/1993
www.OSA Continuum.com/ArticleID428,DemoArticleID428,ArticleID428,Developable mechanisms on developable surfaces,AuthorID178,Chen G.,VJID005,OSA Continuum,JID005,OSAC Vol 5,HandlerID007,05/09/1993
www.OSA Continuum.com/ArticleID430,DemoArticleID430,ArticleID430,Inverse piezoresistive nanocomposite sensors for identifying human sitting posture,AuthorID180,Villanueva I.,VJID005,OSA Continuum,JID005,OSAC Vol 2,HandlerID007,05/09/1993
www.OSA Continuum.com/ArticleID431,DemoArticleID431,ArticleID431,Achieving tiered model quality in 3D structure from motion models using a multi-scale view-planning algorithm for automated targeted inspection,AuthorID181,MartÃ­nez A.,VJID005,OSA Continuum,JID005,OSAC Vol 3,HandlerID007,05/09/1993
www.OSA Continuum.com/ArticleID433,DemoArticleID433,ArticleID433,"Improving sensitivity of electrochemical sensors with convective transport in free-standing, carbon nanotube structures",AuthorID183,Mayoral J.M.,VJID005,OSA Continuum,JID005,OSAC Vol 5,HandlerID007,05/09/1993
www.OSA Continuum.com/ArticleID441,DemoArticleID441,ArticleID441,Observed building damage patterns and foundation performance in Mexico City following the 2017 M7.1 Puebla-Mexico City earthquake,AuthorID191,Kimmons R.,VJID005,OSA Continuum,JID005,OSAC Vol 1,HandlerID007,05/09/1993
www.OSA Continuum.com/ArticleID445,DemoArticleID445,ArticleID445,Streamlining the preparation of â€œendotoxin-freeâ€ ClearColi cell extract with autoinduction media for cell-free protein synthesis of the therapeutic protein crisantaspase,AuthorID050,Swindlehurst E.,VJID005,OSA Continuum,JID005,OSAC Vol 5,HandlerID007,05/09/1993
www.OSA Continuum.com/ArticleID446,DemoArticleID446,ArticleID446,Religion-focused dating apps: A Q methodology study on the uses of mutual,AuthorID051,Martin R.A.,VJID005,OSA Continuum,JID005,OSAC Vol 2,HandlerID007,05/09/1993
www.OSA Continuum.com/ArticleID449,DemoArticleID449,ArticleID449,Measuring Compliance of Driver Yielding at Enhanced Pedestrian Crossings in Utah,AuthorID052,Wnorowska U.,VJID005,OSA Continuum,JID005,OSAC Vol 5,HandlerID007,05/09/1993
www.OSA Continuum.com/ArticleID450,DemoArticleID450,ArticleID450,Implementing highway safety manual life-cycle benefitâ€“cost analysis of safety improvements,AuthorID053,Staves D.R.,VJID005,OSA Continuum,JID005,OSAC Vol 6,HandlerID007,05/09/1993
www.OSA Continuum.com/ArticleID451,DemoArticleID451,ArticleID451,Evaluating Safety Impacts of Access Management Alternatives with the Surrogate Safety Assessment Model,AuthorID054,Noronha D.H.,VJID005,OSA Continuum,JID005,OSAC Vol 2,HandlerID007,05/09/1993
www.OSA Continuum.com/ArticleID452,DemoArticleID452,ArticleID452,Developing Decision Boundaries for Left-Turn Treatments,AuthorID055,Clavijo C.E.,VJID005,OSA Continuum,JID005,OSAC Vol 3,HandlerID007,05/09/1993
,,,,,,,,,,,
,,,,,,,,,,,
,,,,,,,,,,,
,,,,,,,,,,,
,,,,,,,,,,,
,,,,,,,,,,,
,,,,,,,,,,,
,,,,,,,,,,,
,,,,,,,,,,,
,,,,,,,,,,,
,,,,,,,,,,,
,,,,,,,,,,,
,,,,,,,,,,,
,,,,,,,,,,,
,,,,,,,,,,,
,,,,,,,,,,,
,,,,,,,,,,,
,,,,,,,,,,,
,,,,,,,,,,,
,,,,,,,,,,,
,,,,,,,,,,,
,,,,,,,,,,,
,,,,,,,,,,,
,,,,,,,,,,,
,,,,,,,,,,,
,,,,,,,,,,,
,,,,,,,,,,,
,,,,,,,,,,,
,,,,,,,,,,,
,,,,,,,,,,,
,,,,,,,,,,,
,,,,,,,,,,,
,,,,,,,,,,,
,,,,,,,,,,,
,,,,,,,,,,,
,,,,,,,,,,,
,,,,,,,,,,,
,,,,,,,,,,,
,,,,,,,,,,,
,,,,,,,,,,,
,,,,,,,,,,,
,,,,,,,,,,,
,,,,,,,,,,,
,,,,,,,,,,,
,,,,,,,,,,,
,,,,,,,,,,,
,,,,,,,,,,,
,,,,,,,,,,,
,,,,,,,,,,,
,,,,,,,,,,,
,,,,,,,,,,,
,,,,,,,,,,,
,,,,,,,,,,,
,,,,,,,,,,,
,,,,,,,,,,,
,,,,,,,,,,,
,,,,,,,,,,,
,,,,,,,,,,,
,,,,,,,,,,,
,,,,,,,,,,,
,,,,,,,,,,,
,,,,,,,,,,,
,,,,,,,,,,,
,,,,,,,,,,,
,,,,,,,,,,,
,,,,,,,,,,,
,,,,,,,,,,,
,,,,,,,,,,,
,,,,,,,,,,,
,,,,,,,,,,,
,,,,,,,,,,,
,,,,,,,,,,,
,,,,,,,,,,,
,,,,,,,,,,,
,,,,,,,,,,,
,,,,,,,,,,,
,,,,,,,,,,,
,,,,,,,,,,,
,,,,,,,,,,,
,,,,,,,,,,,
,,,,,,,,,,,
,,,,,,,,,,,
,,,,,,,,,,,
,,,,,,,,,,,
,,,,,,,,,,,
,,,,,,,,,,,
,,,,,,,,,,,
,,,,,,,,,,,
,,,,,,,,,,,
,,,,,,,,,,,
,,,,,,,,,,,
,,,,,,,,,,,
,,,,,,,,,,,
,,,,,,,,,,,
,,,,,,,,,,,
,,,,,,,,,,,
,,,,,,,,,,,
,,,,,,,,,,,
,,,,,,,,,,,
,,,,,,,,,,,
,,,,,,,,,,,
,,,,,,,,,,,
,,,,,,,,,,,
,,,,,,,,,,,
,,,,,,,,,,,
,,,,,,,,,,,
,,,,,,,,,,,
,,,,,,,,,,,
,,,,,,,,,,,
,,,,,,,,,,,
,,,,,,,,,,,
,,,,,,,,,,,
,,,,,,,,,,,
,,,,,,,,,,,
,,,,,,,,,,,
,,,,,,,,,,,
,,,,,,,,,,,
,,,,,,,,,,,
,,,,,,,,,,,
,,,,,,,,,,,
,,,,,,,,,,,
,,,,,,,,,,,
,,,,,,,,,,,
,,,,,,,,,,,
,,,,,,,,,,,
,,,,,,,,,,,
,,,,,,,,,,,
,,,,,,,,,,,
,,,,,,,,,,,
,,,,,,,,,,,
,,,,,,,,,,,
,,,,,,,,,,,
,,,,,,,,,,,
,,,,,,,,,,,
,,,,,,,,,,,
,,,,,,,,,,,
,,,,,,,,,,,
,,,,,,,,,,,
,,,,,,,,,,,
,,,,,,,,,,,
,,,,,,,,,,,
,,,,,,,,,,,
,,,,,,,,,,,
,,,,,,,,,,,
,,,,,,,,,,,
,,,,,,,,,,,
,,,,,,,,,,,
,,,,,,,,,,,
,,,,,,,,,,,
,,,,,,,,,,,
,,,,,,,,,,,
,,,,,,,,,,,
,,,,,,,,,,,
,,,,,,,,,,,
,,,,,,,,,,,
,,,,,,,,,,,
,,,,,,,,,,,
,,,,,,,,,,,
,,,,,,,,,,,
,,,,,,,,,,,
,,,,,,,,,,,
,,,,,,,,,,,
,,,,,,,,,,,
,,,,,,,,,,,
,,,,,,,,,,,
,,,,,,,,,,,
,,,,,,,,,,,
,,,,,,,,,,,
,,,,,,,,,,,
,,,,,,,,,,,
,,,,,,,,,,,
,,,,,,,,,,,
,,,,,,,,,,,
,,,,,,,,,,,
,,,,,,,,,,,
,,,,,,,,,,,
,,,,,,,,,,,
,,,,,,,,,,,
,,,,,,,,,,,
,,,,,,,,,,,
,,,,,,,,,,,
,,,,,,,,,,,
,,,,,,,,,,,
,,,,,,,,,,,
,,,,,,,,,,,
,,,,,,,,,,,
,,,,,,,,,,,
,,,,,,,,,,,
,,,,,,,,,,,
,,,,,,,,,,,
,,,,,,,,,,,
,,,,,,,,,,,
,,,,,,,,,,,
,,,,,,,,,,,
,,,,,,,,,,,
,,,,,,,,,,,
,,,,,,,,,,,
,,,,,,,,,,,
,,,,,,,,,,,
,,,,,,,,,,,
,,,,,,,,,,,
,,,,,,,,,,,
,,,,,,,,,,,
,,,,,,,,,,,
,,,,,,,,,,,
,,,,,,,,,,,
,,,,,,,,,,,
,,,,,,,,,,,
,,,,,,,,,,,
,,,,,,,,,,,
,,,,,,,,,,,
,,,,,,,,,,,
,,,,,,,,,,,
,,,,,,,,,,,
,,,,,,,,,,,
,,,,,,,,,,,
,,,,,,,,,,,
,,,,,,,,,,,
,,,,,,,,,,,
,,,,,,,,,,,
,,,,,,,,,,,
,,,,,,,,,,,
,,,,,,,,,,,
,,,,,,,,,,,
,,,,,,,,,,,
,,,,,,,,,,,
,,,,,,,,,,,
,,,,,,,,,,,
,,,,,,,,,,,
,,,,,,,,,,,
,,,,,,,,,,,
,,,,,,,,,,,
,,,,,,,,,,,
,,,,,,,,,,,
,,,,,,,,,,,
,,,,,,,,,,,
,,,,,,,,,,,
,,,,,,,,,,,
,,,,,,,,,,,
,,,,,,,,,,,
,,,,,,,,,,,
,,,,,,,,,,,
,,,,,,,,,,,
,,,,,,,,,,,
,,,,,,,,,,,
,,,,,,,,,,,
,,,,,,,,,,,
,,,,,,,,,,,
,,,,,,,,,,,
,,,,,,,,,,,
,,,,,,,,,,,
,,,,,,,,,,,
,,,,,,,,,,,
,,,,,,,,,,,
,,,,,,,,,,,
,,,,,,,,,,,
,,,,,,,,,,,
,,,,,,,,,,,
,,,,,,,,,,,
,,,,,,,,,,,
,,,,,,,,,,,
,,,,,,,,,,,
,,,,,,,,,,,
,,,,,,,,,,,
,,,,,,,,,,,
,,,,,,,,,,,
,,,,,,,,,,,
,,,,,,,,,,,
,,,,,,,,,,,
,,,,,,,,,,,
,,,,,,,,,,,
,,,,,,,,,,,
,,,,,,,,,,,
,,,,,,,,,,,
,,,,,,,,,,,
,,,,,,,,,,,
,,,,,,,,,,,
,,,,,,,,,,,
,,,,,,,,,,,
,,,,,,,,,,,
,,,,,,,,,,,
,,,,,,,,,,,
,,,,,,,,,,,
,,,,,,,,,,,
,,,,,,,,,,,
,,,,,,,,,,,
,,,,,,,,,,,
,,,,,,,,,,,
,,,,,,,,,,,
,,,,,,,,,,,
,,,,,,,,,,,
,,,,,,,,,,,
,,,,,,,,,,,
,,,,,,,,,,,
,,,,,,,,,,,
,,,,,,,,,,,
,,,,,,,,,,,
,,,,,,,,,,,
,,,,,,,,,,,
,,,,,,,,,,,
,,,,,,,,,,,
